player_name,nba_id,orapm,drapm,rapm
Nikola Jokic,203999,5.82,2.45,8.27
Paul George,202331,3.10,2.93,6.03
Joel Embiid,203954,2.63,3.28,5.91
Kawhi Leonard,202695,3.17,2.70,5.87
Giannis Antetokounmpo,203507,3.85,1.98,5.83
Draymond Green,203110,0.55,5.15,5.69
Jonathan Isaac,1628371,0.57,5.10,5.67
LeBron James,2544,3.54,1.84,5.39
Franz Wagner,1630532,1.69,3.43,5.12
Kyrie Irving,202681,4.51,0.51,5.02
Jalen Brunson,1628973,4.70,0.10,4.80
Anthony Davis,203076,0.97,3.79,4.76
Jayson Tatum,1628369,3.65,1.11,4.76
Rudy Gobert,203497,0.60,4.12,4.72
Jrue Holiday,201950,2.25,2.44,4.69
Donovan Mitchell,1628378,2.63,1.81,4.44
Shai Gilgeous-Alexander,1628983,3.04,1.37,4.41
Steven Adams,203500,2.81,1.56,4.37
Chet Holmgren,1631096,1.52,2.76,4.28
Derrick White,1628401,1.48,2.66,4.14
Jusuf Nurkic,203994,0.82,3.32,4.13
Herbert Jones,1630529,1.55,2.54,4.09
Jose Alvarado,1630631,1.55,2.41,3.96
OG Anunoby,1628384,0.59,3.33,3.92
Clint Capela,203991,0.82,2.91,3.72
Myles Turner,1626167,1.84,1.81,3.65
Dereck Lively II,1641726,1.83,1.76,3.59
Kevin Durant,201142,2.66,0.93,3.59
Jimmy Butler,202710,3.17,0.42,3.59
Victor Wembanyama,1641705,-0.28,3.86,3.58
Damian Lillard,203081,3.86,-0.33,3.54
Dante Exum,203957,1.74,1.80,3.53
Luka Doncic,1629029,2.78,0.75,3.52
Stephen Curry,201939,3.60,-0.11,3.49
Sam Hauser,1630573,1.60,1.79,3.39
Jock Landale,1629111,1.15,2.20,3.35
Devin Booker,1626164,3.97,-0.73,3.24
Alex Caruso,1627936,-1.20,4.43,3.23
Lauri Markkanen,1628374,2.44,0.65,3.09
Kevon Looney,1626172,1.61,1.46,3.07
Isaiah Hartenstein,1628392,2.12,0.94,3.06
Bogdan Bogdanovic,203992,2.10,0.94,3.04
Fred VanVleet,1627832,1.40,1.58,2.98
Chris Paul,101108,1.31,1.64,2.96
Immanuel Quickley,1630193,0.33,2.61,2.94
Brandin Podziemski,1641764,2.66,0.19,2.85
Dean Wade,1629731,-1.13,3.88,2.76
Gary Payton II,1627780,1.80,0.88,2.68
Pascal Siakam,1627783,2.67,-0.01,2.66
Aaron Gordon,203932,1.07,1.57,2.64
Obi Toppin,1630167,2.71,-0.07,2.64
Josh Hart,1628404,1.45,1.07,2.53
Javonte Green,1629750,1.25,1.23,2.48
Delon Wright,1626153,0.47,1.96,2.43
Kristaps Porzingis,204001,1.40,1.03,2.42
Anthony Edwards,1630162,1.57,0.85,2.42
Kenrich Williams,1629026,0.24,2.15,2.39
Brook Lopez,201572,-0.68,2.98,2.31
Jarrett Allen,1628386,1.31,0.98,2.29
Al Horford,201143,0.83,1.42,2.25
Dillon Brooks,1628415,0.30,1.91,2.21
Marcus Smart,203935,0.11,2.06,2.17
Chris Boucher,1628449,1.29,0.87,2.16
Ja Morant,1629630,1.97,0.18,2.15
Ben Sheppard,1641767,2.77,-0.62,2.15
Tre Jones,1630200,1.66,0.47,2.12
Jakob Poeltl,1627751,0.53,1.52,2.05
Jaime Jaquez Jr.,1631170,1.19,0.86,2.05
De'Aaron Fox,1628368,2.31,-0.28,2.03
Jordan McLaughlin,1629162,-0.81,2.80,1.99
Domantas Sabonis,1627734,0.90,1.03,1.93
Amen Thompson,1641708,0.39,1.51,1.90
Robert Williams III,1629057,-0.03,1.87,1.84
Robert Covington,203496,-0.36,2.19,1.83
Khris Middleton,203114,1.58,0.22,1.81
Otto Porter Jr.,203490,0.03,1.73,1.76
Desmond Bane,1630217,1.27,0.46,1.73
Bam Adebayo,1628389,-1.13,2.85,1.72
Mikal Bridges,1628969,0.71,0.98,1.70
Mike Conley,201144,0.74,0.93,1.67
Ausar Thompson,1641709,-0.40,2.06,1.67
Karl-Anthony Towns,1626157,1.48,0.16,1.64
De'Anthony Melton,1629001,0.79,0.85,1.64
Trey Lyles,1626168,1.01,0.62,1.63
Zion Williamson,1629627,1.39,0.20,1.59
Tyrese Maxey,1630178,2.25,-0.69,1.56
Naji Marshall,1630230,0.29,1.25,1.54
James Harden,201935,2.87,-1.34,1.53
Monte Morris,1628420,1.41,0.12,1.52
T.J. McConnell,204456,1.15,0.36,1.51
Jalen Williams,1631114,0.47,1.03,1.50
DeMar DeRozan,201942,2.33,-0.86,1.47
Kevin Love,201567,0.60,0.86,1.46
Paul Reed,1630194,0.52,0.90,1.42
Dalen Terry,1631207,0.63,0.79,1.42
Joe Ingles,204060,1.49,-0.08,1.41
Nickeil Alexander-Walker,1629638,-0.17,1.54,1.38
Royce O'Neale,1626220,0.06,1.31,1.37
Julius Randle,203944,1.48,-0.12,1.37
Tyrese Haliburton,1630169,3.20,-1.87,1.33
Tari Eason,1631106,0.06,1.27,1.32
Svi Mykhailiuk,1629004,0.32,0.92,1.24
Christian Koloko,1631132,-0.63,1.86,1.23
Alex Len,203458,-1.44,2.65,1.22
Toumani Camara,1641739,-1.59,2.77,1.18
P.J. Washington,1629023,0.00,1.17,1.17
Kevin Huerter,1628989,1.80,-0.63,1.17
Kentavious Caldwell-Pope,203484,0.66,0.48,1.14
Derrick Jones Jr.,1627884,-0.51,1.65,1.14
Neemias Queta,1629674,1.19,-0.06,1.13
Kyle Lowry,200768,-0.33,1.44,1.11
Deni Avdija,1630166,0.26,0.84,1.10
Mitchell Robinson,1629011,0.36,0.73,1.09
Max Strus,1629622,0.62,0.42,1.05
Dwight Powell,203939,1.02,0.02,1.04
Ben Simmons,1627732,-0.12,1.16,1.04
Dyson Daniels,1630700,0.11,0.91,1.02
Michael Porter Jr.,1629008,2.28,-1.27,1.01
Isaiah Joe,1630198,1.07,-0.10,0.97
Nicolas Batum,201587,0.69,0.25,0.94
Keon Ellis,1631165,-1.17,2.06,0.89
Justise Winslow,1626159,-1.11,2.00,0.89
Spencer Dinwiddie,203915,1.06,-0.19,0.87
Keegan Murray,1631099,0.27,0.59,0.86
T.J. Warren,203933,-0.31,1.16,0.85
Jamal Murray,1627750,1.52,-0.67,0.85
Payton Pritchard,1630202,1.60,-0.77,0.83
Daniel Gafford,1629655,0.40,0.43,0.83
Evan Mobley,1630596,-1.60,2.42,0.82
Walker Kessler,1631117,-0.15,0.96,0.81
Jordan Walsh,1641775,-0.33,1.13,0.80
Dorian Finney-Smith,1627827,0.28,0.52,0.80
Tobias Harris,202699,0.22,0.56,0.78
Ryan Rollins,1631157,-0.88,1.64,0.76
Jaren Jackson Jr.,1628991,-0.77,1.52,0.75
Aaron Holiday,1628988,-0.43,1.18,0.75
Brandon Clarke,1629634,-1.12,1.86,0.74
Luguentz Dort,1629652,0.47,0.24,0.71
Darius Garland,1629636,0.44,0.20,0.64
John Konchar,1629723,-0.54,1.14,0.61
Goga Bitadze,1629048,0.01,0.57,0.58
Andre Drummond,203083,0.03,0.54,0.57
Cody Martin,1628998,-0.39,0.95,0.56
Tristan Vukcevic,1641774,-0.47,1.00,0.54
Vasilije Micic,203995,0.93,-0.41,0.52
Coby White,1629632,2.30,-1.79,0.51
Boban Marjanovic,1626246,-0.10,0.57,0.47
Anthony Gill,1630264,1.05,-0.60,0.45
Josh Minott,1631169,-0.04,0.47,0.43
Christian Braun,1631128,-1.73,2.13,0.40
Josh Okogie,1629006,-0.30,0.66,0.37
Cameron Johnson,1629661,0.06,0.30,0.36
Patrick Beverley,201976,-0.23,0.57,0.34
D'Angelo Russell,1626156,1.07,-0.74,0.33
Adama Sanogo,1641766,-0.33,0.66,0.33
Alperen Sengun,1630578,0.36,-0.03,0.33
Xavier Tillman,1630214,-1.87,2.18,0.31
Brandon Ingram,1627742,0.50,-0.20,0.30
Danny Green,201980,-0.35,0.63,0.28
Daniel Theis,1628464,-0.78,1.05,0.27
Jevon Carter,1628975,-1.40,1.65,0.25
Ish Wainright,1630688,-1.35,1.59,0.24
Gabe Vincent,1629216,-0.88,1.08,0.20
Cason Wallace,1641717,-1.05,1.18,0.13
Buddy Boeheim,1631205,-0.26,0.38,0.13
Dennis Smith Jr.,1628372,-2.08,2.20,0.11
Onyeka Okongwu,1630168,0.41,-0.32,0.09
Rui Hachimura,1629060,-0.40,0.47,0.07
Dereon Seabron,1631220,-0.55,0.60,0.05
Oshae Brissett,1629052,0.75,-0.71,0.04
P.J. Tucker,200782,-0.55,0.59,0.04
Jeenathan Williams,1631466,0.29,-0.25,0.04
Deandre Ayton,1629028,-0.64,0.68,0.04
Ashton Hagans,1630204,-0.73,0.74,0.01
Nikola Jovic,1631107,-1.17,1.17,0.00
Luke Kornet,1628436,0.16,-0.16,-0.01
Ricky Council IV,1641741,-0.15,0.13,-0.02
Caris LeVert,1627747,0.04,-0.08,-0.04
Luka Garza,1630568,0.23,-0.30,-0.07
Oscar Tshiebwe,1631131,-0.67,0.60,-0.07
Jalen Suggs,1630591,-1.39,1.31,-0.08
Malcolm Brogdon,1627763,-0.05,-0.03,-0.08
Taj Gibson,201959,-1.65,1.55,-0.09
Gui Santos,1630611,0.27,-0.36,-0.09
Scottie Barnes,1630567,-0.22,0.12,-0.10
Vince Williams Jr.,1631246,-1.07,0.97,-0.10
Kris Dunn,1627739,0.89,-0.99,-0.10
Jaden McDaniels,1630183,0.14,-0.25,-0.11
Jaylen Brown,1627759,0.09,-0.20,-0.11
Austin Reaves,1630559,0.68,-0.79,-0.11
Lester Quinones,1631311,-0.59,0.48,-0.12
Ricky Rubio,201937,-1.53,1.41,-0.12
Larry Nance Jr.,1626204,-1.87,1.75,-0.13
LaMelo Ball,1630163,1.71,-1.85,-0.14
Bradley Beal,203078,0.72,-0.87,-0.15
JaVale McGee,201580,-1.22,1.06,-0.15
Day'Ron Sharpe,1630549,0.27,-0.42,-0.16
Wendell Carter Jr.,1628976,-1.81,1.65,-0.16
Aaron Nesmith,1630174,0.46,-0.62,-0.17
Mamadi Diakite,1629603,-1.85,1.67,-0.18
Kris Murray,1631200,-1.11,0.93,-0.18
Isaac Okoro,1630171,-0.47,0.28,-0.19
Mike Muscala,203488,-0.80,0.60,-0.19
Jules Bernard,1631262,-0.24,0.02,-0.21
Gordon Hayward,202330,-0.95,0.73,-0.22
Jonas Valanciunas,202685,0.23,-0.50,-0.27
Jason Preston,1630554,-0.08,-0.21,-0.29
Leonard Miller,1631159,-0.38,0.08,-0.30
Aaron Wiggins,1630598,-0.09,-0.23,-0.32
Frank Ntilikina,1628373,-1.43,1.11,-0.32
Nate Hinton,1630207,-0.42,0.09,-0.34
Caleb Martin,1628997,-0.44,0.10,-0.34
Sidy Cissoko,1631321,-1.29,0.94,-0.34
Isaiah Stewart,1630191,-1.52,1.17,-0.35
Orlando Robinson,1631115,-0.97,0.62,-0.35
Kevon Harris,1630284,-0.38,0.01,-0.37
Jarace Walker,1641716,-0.23,-0.14,-0.37
Jae'Sean Tate,1630256,-1.86,1.48,-0.38
Kyle Anderson,203937,-1.66,1.27,-0.39
JD Davison,1631120,-0.85,0.45,-0.40
Mason Plumlee,203486,-0.38,-0.02,-0.40
Furkan Korkmaz,1627788,-0.34,-0.06,-0.40
Wenyen Gabriel,1629117,-0.82,0.41,-0.40
Hamidou Diallo,1628977,-1.98,1.57,-0.41
Eric Gordon,201569,-0.10,-0.32,-0.43
Isaiah Jackson,1630543,-0.97,0.53,-0.44
Seth Curry,203552,-0.63,0.18,-0.45
Matisse Thybulle,1629680,-1.69,1.24,-0.45
Sandro Mamukelashvili,1630572,-1.62,1.15,-0.47
AJ Lawson,1630639,-0.63,0.15,-0.47
Henri Drell,1630929,-0.26,-0.22,-0.48
Danuel House Jr.,1627863,-0.91,0.43,-0.48
Duop Reath,1641871,0.87,-1.36,-0.49
Jordan Clarkson,203903,1.26,-1.76,-0.50
CJ McCollum,203468,1.07,-1.57,-0.50
Zach LaVine,203897,-0.71,0.21,-0.51
De'Andre Hunter,1629631,-0.05,-0.46,-0.51
Bobby Portis,1626171,0.64,-1.16,-0.52
Jalen Smith,1630188,0.40,-0.92,-0.52
Maxi Kleber,1628467,-1.80,1.27,-0.52
Duncan Robinson,1629130,-0.08,-0.45,-0.53
Andrew Nembhard,1629614,-0.73,0.20,-0.54
Cam Whitmore,1641715,0.22,-0.77,-0.55
Jordan Ford,1630259,-0.53,-0.03,-0.56
Tyler Herro,1629639,0.33,-0.90,-0.57
Landry Shamet,1629013,-0.38,-0.20,-0.58
Simone Fontecchio,1631323,-1.20,0.62,-0.58
Andrew Funk,1641847,-0.67,0.09,-0.58
Trey Murphy III,1630530,-1.32,0.74,-0.58
Luke Kennard,1628379,0.14,-0.73,-0.60
Drew Peterson,1641809,-0.33,-0.28,-0.62
Tyus Jones,1626145,1.21,-1.84,-0.64
Lonzo Ball,1628366,-1.02,0.38,-0.64
Mark Williams,1631109,-0.64,0.00,-0.64
Olivier Sarr,1630846,-1.26,0.61,-0.64
Moses Moody,1630541,-0.93,0.28,-0.65
Nicolas Claxton,1629651,-1.44,0.79,-0.65
Amari Bailey,1641735,-0.55,-0.11,-0.65
Johnny Juzang,1630548,-0.28,-0.38,-0.66
Colby Jones,1641732,-0.90,0.21,-0.69
Terance Mann,1629611,0.55,-1.23,-0.69
Filip Petrusev,1630196,-0.78,0.07,-0.71
Ivica Zubac,1627826,-2.05,1.33,-0.72
Ron Harper Jr.,1631199,-0.57,-0.15,-0.72
Wesley Matthews,202083,-1.60,0.87,-0.73
DaQuan Jeffries,1629610,-1.57,0.85,-0.73
Adam Flagler,1641745,-0.68,-0.06,-0.74
Bismack Biyombo,202687,-1.56,0.82,-0.74
Izaiah Brockington,1631167,-0.58,-0.16,-0.75
Dejounte Murray,1627749,0.72,-1.47,-0.75
Markquis Nowell,1641806,-0.78,0.03,-0.75
Jalen Wilson,1630592,0.21,-0.97,-0.75
Braxton Key,1630296,-0.71,-0.04,-0.76
Malcolm Cazalon,1630608,-0.64,-0.12,-0.76
Russell Westbrook,201566,0.09,-0.86,-0.77
Maozinha Pereira,1641970,-1.91,1.13,-0.78
Trevelin Queen,1630243,-1.06,0.28,-0.78
Davis Bertans,202722,-0.16,-0.63,-0.79
Lamar Stevens,1630205,-1.09,0.30,-0.79
Gary Harris,203914,-0.43,-0.39,-0.81
Malcolm Hill,1630792,-0.85,0.03,-0.82
Jett Howard,1641724,-1.16,0.34,-0.82
Cody Zeller,203469,-0.47,-0.35,-0.82
Jerome Robinson,1629010,-1.24,0.41,-0.83
Kelly Olynyk,203482,0.35,-1.19,-0.84
Damion Lee,1627814,-1.28,0.44,-0.84
E.J. Liddell,1630604,-0.85,0.00,-0.86
Grayson Allen,1628960,0.13,-0.99,-0.86
Trae Young,1629027,2.08,-2.95,-0.87
Jalen Johnson,1630552,-1.85,0.99,-0.87
Collin Gillespie,1631221,-0.69,-0.17,-0.87
Sasha Vezenkov,1628426,-0.69,-0.19,-0.88
Jalen Crutcher,1630622,-0.80,-0.09,-0.89
Zhaire Smith,1629015,-0.78,-0.11,-0.89
Tristan Thompson,202684,-0.33,-0.56,-0.89
AJ Griffin,1631100,-0.83,-0.08,-0.91
Harrison Barnes,203084,-0.23,-0.70,-0.92
John Collins,1628381,-0.08,-0.85,-0.93
Sam Merrill,1630241,-0.99,0.06,-0.93
Jalen Duren,1631105,-0.49,-0.45,-0.94
Miles McBride,1630540,-1.72,0.77,-0.95
Victor Oladipo,203506,-1.46,0.51,-0.95
Shake Milton,1629003,-0.67,-0.29,-0.95
Isaiah Wong,1631209,-0.92,-0.04,-0.96
Jarred Vanderbilt,1629020,-0.76,-0.20,-0.96
Matt Hurt,1630562,-1.37,0.40,-0.97
Ousmane Dieng,1631172,-1.12,0.15,-0.97
RaiQuan Gray,1630564,-0.25,-0.73,-0.98
Dmytro Skapintsev,1631376,-0.92,-0.07,-0.99
Joshua Primo,1630563,-0.88,-0.11,-0.99
Jae Crowder,203109,-0.97,-0.02,-0.99
Kaiser Gates,1629232,-1.05,0.05,-1.00
Moussa Diabate,1631217,-0.42,-0.59,-1.00
Jared Rhoden,1631197,-0.09,-0.92,-1.01
Jalen Slawson,1641771,-0.42,-0.61,-1.03
Jontay Porter,1629007,-1.80,0.77,-1.04
DeJon Jarreau,1630610,-1.18,0.13,-1.05
Marques Bolden,1629716,-1.26,0.22,-1.05
Bruce Brown,1628971,0.47,-1.52,-1.06
Kessler Edwards,1630556,-0.88,-0.19,-1.07
Anthony Black,1641710,-2.08,1.01,-1.07
Pat Spencer,1630311,-0.79,-0.27,-1.07
Jay Huff,1630643,-0.87,-0.20,-1.08
Reggie Jackson,202704,-1.52,0.42,-1.10
Thaddeus Young,201152,-0.51,-0.59,-1.10
Davion Mitchell,1630558,-1.38,0.28,-1.10
Jeff Dowtin,1630288,-1.08,-0.03,-1.11
Keldon Johnson,1629640,0.50,-1.61,-1.11
Jordan Goodwin,1630692,-1.82,0.71,-1.11
Dexter Dennis,1641926,-1.18,0.06,-1.12
Micah Potter,1630695,-1.68,0.54,-1.14
Klay Thompson,202691,0.61,-1.76,-1.15
Quenton Jackson,1631245,-1.35,0.19,-1.16
Markelle Fultz,1628365,-1.24,0.07,-1.17
Patrick Williams,1630172,-0.85,-0.34,-1.18
Jared Butler,1630215,-0.60,-0.58,-1.18
Armoni Brooks,1629717,0.15,-1.33,-1.18
Chris Livingston,1641753,-0.86,-0.33,-1.18
Hunter Tyson,1641816,-1.21,0.02,-1.18
Derrick Rose,201565,-2.13,0.95,-1.19
Jermaine Samuels Jr.,1631257,-0.47,-0.72,-1.20
Bol Bol,1629626,-1.80,0.56,-1.24
Jonathan Kuminga,1630228,-0.87,-0.37,-1.24
Moritz Wagner,1629021,-0.40,-0.85,-1.25
Terry Taylor,1630678,-0.77,-0.49,-1.26
Joe Harris,203925,-0.79,-0.48,-1.27
Nathan Knight,1630233,-1.31,0.02,-1.29
Cory Joseph,202709,-0.92,-0.37,-1.29
Marvin Bagley III,1628963,-1.06,-0.24,-1.30
Saben Lee,1630240,-1.86,0.55,-1.31
D.J. Wilson,1628391,-1.20,-0.12,-1.32
Jamal Cain,1631288,-1.21,-0.12,-1.33
Keyontae Johnson,1641749,-1.22,-0.10,-1.33
Jaylin Williams,1631119,-1.27,-0.06,-1.33
Luka Samanic,1629677,-1.63,0.30,-1.34
Sharife Cooper,1630536,-1.20,-0.14,-1.34
Donte DiVincenzo,1628978,0.11,-1.45,-1.35
Nikola Vucevic,202696,-0.83,-0.53,-1.36
Chimezie Metu,1629002,-2.05,0.69,-1.36
Norman Powell,1626181,-0.17,-1.20,-1.37
Kelly Oubre Jr.,1626162,-0.50,-0.89,-1.38
A.J. Green,1631260,-1.32,-0.07,-1.39
Dennis Schroder,203471,-1.08,-0.31,-1.39
Craig Porter,1641854,-0.27,-1.13,-1.40
Trayce Jackson-Davis,1631218,-0.45,-0.95,-1.40
Jalen Pickett,1629618,-1.34,-0.06,-1.41
Patty Mills,201988,-0.96,-0.46,-1.42
Jaden Springer,1630531,-0.78,-0.64,-1.42
Danilo Gallinari,201568,-0.16,-1.27,-1.43
James Johnson,201949,-1.54,0.11,-1.43
Jordan Miller,1641757,-0.98,-0.47,-1.45
Charles Bassey,1629646,-1.74,0.29,-1.45
Ochai Agbaji,1630534,-0.30,-1.15,-1.45
Devonte' Graham,1628984,-1.08,-0.38,-1.46
Julian Champagnie,1630577,-0.51,-0.95,-1.46
Cameron Payne,1626166,-1.25,-0.22,-1.47
Terry Rozier,1626179,-0.13,-1.34,-1.48
Saddiq Bey,1630180,1.25,-2.74,-1.49
Buddy Hield,1627741,0.07,-1.57,-1.50
Dario Saric,203967,-0.18,-1.32,-1.50
Javonte Smart,1630606,-1.16,-0.34,-1.50
Cade Cunningham,1630595,-0.21,-1.30,-1.51
Seth Lundy,1641754,-1.02,-0.50,-1.51
TyTy Washington Jr.,1631102,-2.38,0.87,-1.52
Dominick Barlow,1631230,0.10,-1.62,-1.52
Cole Anthony,1630175,-0.14,-1.39,-1.53
Shaquille Harrison,1627885,-1.49,-0.05,-1.54
Andrew Wiggins,203952,-1.27,-0.28,-1.55
Tim Hardaway Jr.,203501,0.09,-1.65,-1.55
Wendell Moore Jr.,1631111,-1.34,-0.22,-1.56
David Duke Jr.,1630561,-1.16,-0.42,-1.58
Leaky Black,1641778,-1.28,-0.31,-1.59
Kai Jones,1630539,-1.50,-0.11,-1.60
Matt Ryan,1630346,-1.73,0.12,-1.61
Alec Burks,202692,-0.22,-1.40,-1.62
Dariq Whitehead,1641727,-0.69,-0.94,-1.62
Jahmi'us Ramsey,1630186,-1.33,-0.31,-1.64
Taylor Hendricks,1641707,-1.42,-0.23,-1.65
Malik Monk,1628370,0.41,-2.07,-1.65
Terquavion Smith,1631173,-0.72,-0.93,-1.65
Ryan Arcidiacono,1627853,-2.76,1.10,-1.67
Mason Jones,1630222,-1.60,-0.07,-1.67
Paolo Banchero,1631094,-0.59,-1.10,-1.69
Christian Wood,1626174,-0.77,-0.94,-1.70
Taze Moore,1631386,-1.06,-0.68,-1.74
Precious Achiuwa,1630173,-1.46,-0.29,-1.75
Daishen Nix,1630227,-1.22,-0.53,-1.75
Malik Beasley,1627736,-0.81,-0.95,-1.76
Haywood Highsmith,1629312,-2.64,0.86,-1.78
Anfernee Simons,1629014,1.25,-3.04,-1.79
Josh Giddey,1630581,-0.88,-0.91,-1.80
Isaiah Mobley,1630600,-1.91,0.11,-1.80
Mo Bamba,1628964,-2.55,0.75,-1.80
Charles Brown Jr.,1629718,-1.66,-0.15,-1.81
Xavier Moon,1629875,-1.94,0.12,-1.82
Reggie Bullock,203493,-1.05,-0.78,-1.83
Richaun Holmes,1626158,-1.34,-0.51,-1.85
Juan Toscano-Anderson,1629308,-1.89,0.04,-1.85
Isaiah Thomas,202738,-1.09,-0.78,-1.87
Jacob Toppin,1631210,-1.24,-0.64,-1.89
Jeremy Sochan,1631110,-1.54,-0.35,-1.90
Noah Clowney,1641730,-2.21,0.31,-1.90
D'Moi Hodge,1641793,-1.05,-0.85,-1.90
Josh Green,1630182,-0.61,-1.29,-1.90
Quentin Grimes,1629656,-2.24,0.33,-1.91
JT Thor,1630550,-2.38,0.47,-1.91
Caleb Houstan,1631216,-0.98,-0.94,-1.91
Malik Williams,1642013,-1.86,-0.07,-1.93
Alondes Williams,1631214,-1.63,-0.32,-1.94
Naz Reid,1629675,-2.47,0.51,-1.96
Tre Mann,1630544,-1.76,-0.21,-1.97
Georges Niang,1627777,-0.38,-1.60,-1.98
Grant Williams,1629684,-0.73,-1.26,-1.99
Jack White,1631298,-1.56,-0.43,-1.99
Miles Norris,1641936,-1.00,-1.00,-2.00
Sir'Jabari Rice,1641811,-1.00,-1.00,-2.00
Jaylen Martin,1641798,-1.00,-1.00,-2.00
Charles Bediako,1641777,-1.00,-1.00,-2.00
Jaylen Clark,1641740,-1.00,-1.00,-2.00
Justin Lewis,1631171,-1.00,-1.00,-2.00
Jaylin Galloway,1641945,-1.00,-1.00,-2.00
Pat Connaughton,1626192,-0.66,-1.34,-2.00
Scotty Pippen Jr.,1630590,-2.39,0.37,-2.02
Kobe Bufkin,1641723,-2.50,0.47,-2.03
Julian Strawther,1631124,-0.54,-1.51,-2.04
Jalen McDaniels,1629667,-1.27,-0.82,-2.09
Bojan Bogdanovic,202711,0.62,-2.71,-2.09
Jalen Green,1630224,0.23,-2.33,-2.10
Pete Nance,1631250,-1.88,-0.22,-2.10
Jordan Hawkins,1641722,-0.03,-2.08,-2.11
Nah'Shon Hyland,1630538,-0.38,-1.73,-2.11
John Butler Jr.,1631219,-1.48,-0.64,-2.12
Patrick Baldwin Jr.,1631116,-2.33,0.21,-2.12
Kenneth Lofton Jr.,1631254,-0.87,-1.25,-2.12
Garrison Mathews,1629726,-1.32,-0.80,-2.13
Miles Bridges,1628970,-0.31,-1.82,-2.13
Jericho Sims,1630579,-2.68,0.55,-2.13
D.J. Carton,1630618,-1.59,-0.55,-2.14
RJ Barrett,1629628,-0.25,-1.89,-2.14
Cole Swider,1631306,-1.49,-0.66,-2.15
Thomas Bryant,1628418,-1.03,-1.13,-2.16
Talen Horton-Tucker,1629659,-1.37,-0.83,-2.21
Justin Holiday,203200,-2.08,-0.15,-2.23
Markieff Morris,202693,-2.05,-0.19,-2.24
Max Christie,1631108,-2.72,0.46,-2.25
Josh Richardson,1626196,-1.26,-1.03,-2.29
Dru Smith,1630696,-2.40,0.11,-2.29
GG Jackson,1641713,-2.49,0.19,-2.30
Stanley Umude,1630649,-1.76,-0.54,-2.30
Collin Sexton,1629012,1.06,-3.37,-2.31
Vlatko Cancar,1628427,-1.97,-0.34,-2.31
Evan Fournier,203095,-2.32,0.00,-2.32
Jamaree Bouyea,1631123,-2.09,-0.24,-2.33
Kendall Brown,1631112,-3.02,0.69,-2.33
Jordan Poole,1629673,-1.43,-0.90,-2.33
Jalen Hood-Schifino,1641720,-1.92,-0.42,-2.34
Zach Collins,1628380,-2.34,-0.01,-2.35
Lindell Wigginton,1629623,-0.97,-1.39,-2.36
Keita Bates-Diop,1628966,-1.62,-0.76,-2.38
Julian Phillips,1641763,-0.98,-1.41,-2.39
Robin Lopez,201577,-2.78,0.37,-2.40
Troy Brown Jr.,1628972,-0.97,-1.45,-2.42
Kenyon Martin Jr.,1630231,-0.18,-2.30,-2.48
Alex Fudge,1641788,-1.60,-0.88,-2.48
Jaylen Nowell,1629669,-0.91,-1.59,-2.50
Colin Castleton,1630658,-1.67,-0.85,-2.52
Lindy Waters III,1630322,-2.16,-0.38,-2.54
Tosan Evbuomwan,1641787,-1.52,-1.04,-2.55
Bruno Fernando,1628981,-2.30,-0.27,-2.57
Santi Aldama,1630583,-1.77,-0.82,-2.59
Duane Washington Jr.,1630613,-1.41,-1.21,-2.61
Jerami Grant,203924,-1.65,-0.97,-2.62
Drew Eubanks,1629234,-2.45,-0.17,-2.63
Justin Minaya,1631303,-2.14,-0.52,-2.67
Devin Vassell,1630170,-2.21,-0.47,-2.69
Peyton Watson,1631212,-2.77,0.04,-2.73
Ayo Dosunmu,1630245,-2.20,-0.54,-2.74
Kobe Brown,1641738,-1.28,-1.47,-2.75
Vit Krejci,1630249,0.01,-2.79,-2.77
Zeke Nnaji,1630192,-2.35,-0.48,-2.83
Justin Jackson,1628382,-2.44,-0.39,-2.83
Chris Duarte,1630537,-2.02,-0.81,-2.84
Lonnie Walker IV,1629022,-1.45,-1.44,-2.89
Udoka Azubuike,1628962,-1.72,-1.18,-2.90
Shaedon Sharpe,1631101,-1.05,-1.86,-2.91
Nassir Little,1629642,-1.43,-1.49,-2.92
Jake LaRavia,1631222,-1.87,-1.05,-2.92
Nick Richards,1630208,-2.12,-0.81,-2.92
Yuta Watanabe,1629139,-1.44,-1.50,-2.94
Harry Giles III,1628385,-1.16,-1.80,-2.96
Kyle Kuzma,1628398,-1.68,-1.28,-2.96
Kobi Simmons,1628424,-2.29,-0.69,-2.98
Justin Champagnie,1630551,-0.80,-2.19,-2.99
Jeff Green,201145,-1.26,-1.73,-2.99
Taurean Prince,1627752,-1.13,-1.86,-2.99
Onuralp Bitim,1641931,-1.65,-1.35,-3.00
Mouhamed Gueye,1631243,-2.56,-0.44,-3.00
Dylan Windler,1629685,-2.03,-0.98,-3.01
Jaxson Hayes,1629637,-2.12,-0.92,-3.04
Omer Yurtseven,1630209,-1.77,-1.28,-3.05
Greg Brown III,1630535,-2.32,-0.76,-3.08
Marcus Morris Sr.,202694,-1.07,-2.01,-3.09
David Roddy,1631223,-1.80,-1.30,-3.10
Usman Garuba,1630586,-1.80,-1.30,-3.11
Kevin Knox II,1628995,-1.86,-1.25,-3.11
Trey Jemison,1641998,-1.50,-1.62,-3.11
DeAndre Jordan,201599,-2.31,-0.82,-3.13
Rayan Rupert,1641712,-1.98,-1.15,-3.13
Jaden Ivey,1631093,-1.37,-1.76,-3.13
Gary Trent Jr.,1629018,-0.18,-2.96,-3.14
James Bouknight,1630547,-1.83,-1.31,-3.15
Isaiah Livers,1630587,-0.93,-2.25,-3.17
Trendon Watford,1630570,-1.51,-1.66,-3.18
Jeremiah Robinson-Earl,1630526,-2.22,-1.00,-3.22
Blake Wesley,1631104,-2.64,-0.61,-3.25
Olivier-Maxence Prosper,1641765,-2.22,-1.07,-3.29
Jabari Smith Jr.,1631095,-1.38,-1.91,-3.29
Moses Brown,1629650,-1.80,-1.52,-3.32
Ty Jerome,1629660,-2.08,-1.24,-3.33
Javon Freeman-Liberty,1631241,-1.96,-1.43,-3.40
Timmy Allen,1641851,-2.59,-0.84,-3.43
Marcus Sasser,1631204,-1.89,-1.54,-3.43
Thanasis Antetokounmpo,203648,-2.57,-0.89,-3.46
Zavier Simpson,1630285,-2.57,-0.91,-3.48
Kira Lewis Jr.,1630184,-2.70,-0.78,-3.48
Maxwell Lewis,1641721,-3.16,-0.39,-3.56
Torrey Craig,1628470,-0.92,-2.66,-3.58
Keyonte George,1641718,-2.41,-1.19,-3.60
Trent Forrest,1630235,-2.16,-1.45,-3.62
Amir Coffey,1629599,-0.93,-2.70,-3.63
Brice Sensabaugh,1641729,-0.66,-2.99,-3.65
Garrett Temple,202066,-3.15,-0.53,-3.68
Cedi Osman,1626224,-1.47,-2.24,-3.70
Jabari Walker,1631133,-1.79,-1.94,-3.74
Andre Jackson Jr.,1641748,-1.13,-2.64,-3.76
Admiral Schofield,1629678,-3.00,-0.81,-3.82
Ziaire Williams,1630533,-2.77,-1.06,-3.83
Ish Smith,202397,-2.72,-1.16,-3.87
Eugene Omoruyi,1630647,-2.31,-1.62,-3.93
Brandon Miller,1641706,-1.21,-2.80,-4.01
Doug McDermott,203926,-0.46,-3.59,-4.04
Cam Thomas,1630560,-1.12,-2.93,-4.05
Ibou Badji,1630641,-3.23,-0.84,-4.07
Jacob Gilyard,1631367,-1.80,-2.27,-4.07
MarJon Beauchamp,1630699,-2.18,-1.90,-4.08
Dalano Banton,1630625,-3.19,-0.95,-4.14
Mouhamadou Gueye,1631338,-3.76,-0.40,-4.16
Bryce McGowens,1631121,-3.61,-0.59,-4.19
Cam Reddish,1629629,-2.92,-1.32,-4.24
Malachi Flynn,1630201,-2.56,-1.69,-4.25
Emoni Bates,1641734,-2.54,-1.74,-4.29
Brandon Boston Jr.,1630527,-2.83,-1.51,-4.34
Nathan Mensah,1641877,-3.49,-0.85,-4.34
Corey Kispert,1630557,-0.50,-3.98,-4.48
Killian Hayes,1630165,-3.11,-1.41,-4.52
Aleksej Pokusevski,1630197,-3.44,-1.16,-4.60
Johnny Davis,1631098,-3.32,-1.37,-4.69
Skylar Mays,1630219,-1.91,-2.93,-4.84
Bennedict Mathurin,1631097,-2.51,-2.49,-5.00
Brandon Williams,1630314,-2.93,-2.13,-5.07
Theo Maledon,1630177,-2.70,-2.40,-5.10
Malaki Branham,1631103,-2.73,-2.50,-5.24
Damian Jones,1627745,-3.91,-1.33,-5.24
Chuma Okeke,1629643,-4.31,-1.04,-5.35
R.J. Hampton,1630181,-2.73,-2.63,-5.36
Nick Smith Jr.,1641733,-3.77,-1.88,-5.65
Bilal Coulibaly,1641731,-3.27,-2.43,-5.69
Keon Johnson,1630553,-2.16,-3.55,-5.71
Darius Bazley,1629647,-3.94,-1.85,-5.79
Josh Christopher,1630528,-2.48,-3.36,-5.84
Jaden Hardy,1630702,-3.48,-2.36,-5.85
James Wiseman,1630164,-2.85,-3.52,-6.37
Jordan Nwora,1629670,-3.31,-3.15,-6.46
Scoot Henderson,1630703,-2.55,-4.10,-6.65
Gradey Dick,1641711,-3.30,-3.43,-6.73